<?xml version="1.0" encoding="UTF-8"?>
<config xmlns="http://www.knime.org/2008/09/XMLConfig" xmlns:xsi="http://www.w3.org/2001/XMLSchema-instance" xsi:schemaLocation="http://www.knime.org/2008/09/XMLConfig http://www.knime.org/XMLConfig_2008_09.xsd" key="MiningSchema">
<config key="learning">
<entry key="array-size" type="xint" value="8"/>
<entry key="0" type="xstring" value="MinTemp"/>
<entry key="1" type="xstring" value="MaxTemp"/>
<entry key="2" type="xstring" value="Rainfall"/>
<entry key="3" type="xstring" value="Evaporation"/>
<entry key="4" type="xstring" value="WindSpeed3pm"/>
<entry key="5" type="xstring" value="Humidity3pm"/>
<entry key="6" type="xstring" value="Pressure3pm"/>
<entry key="7" type="xstring" value="Temp3pm"/>
</config>
<config key="target">
<entry key="array-size" type="xint" value="0"/>
</config>
</config>
